Study,prs_effect
AFR,0.04180444
EUR,0.729341811
FINNGEN,0.121932617
HIS,0.040309051